problems2021-aes-key-recovery-AES1-50-15, 3600.15, 0.013192, 670.2, NA, NA, NA, NA, NA, NA, NA, NA
problems2021-aes-key-recovery-AES1-60-18, 3600.08, 0.010846, 563.5, NA, NA, NA, NA, NA, NA, NA, NA
problems2021-aes-key-recovery-AES1-70-21, 3600.11, 0.005489, 622.2, NA, NA, NA, NA, NA, NA, NA, NA
problems2021-aes-key-recovery-AES1-72-29, 3600.11, 0.006215, 507.6, NA, NA, NA, NA, NA, NA, NA, NA
problems2021-aes-key-recovery-AES1-74-34, 3600.14, 0.004571, 618.0, NA, NA, NA, NA, NA, NA, NA, NA
problems2021-aes-key-recovery-AES2-50-51, 3600.11, 0.015530, 516.4, NA, NA, NA, NA, NA, NA, NA, NA
problems2021-aes-key-recovery-AES2-50-54, 3600.12, 0.015169, 734.7, NA, NA, NA, NA, NA, NA, NA, NA
problems2021-aes-key-recovery-AES2-50-55, 3600.09, 0.014675, 720.8, NA, NA, NA, NA, NA, NA, NA, NA
problems2021-aes-key-recovery-AES2-60-58, 3600.13, 0.008988, 508.5, NA, NA, NA, NA, NA, NA, NA, NA
problems2021-aes-key-recovery-AES2-70-64, 3600.16, 0.005944, 637.8, NA, NA, NA, NA, NA, NA, NA, NA
problems2021-aes-key-recovery-AES2-74-74, 3600.09, 0.004571, 639.7, NA, NA, NA, NA, NA, NA, NA, NA
problems2021-aes-key-recovery-AES2-74-75, 3600.07, 0.004794, 659.5, NA, NA, NA, NA, NA, NA, NA, NA
problems2021-aes-mul_8_11, 3601.32, 33.107354, 13707.2, NA, NA, NA, NA, NA, NA, NA, NA
problems2021-aes-mul_8_13, 3601.33, 40.668363, 14278.2, NA, NA, NA, NA, NA, NA, NA, NA
problems2021-aes-mul_8_14, 3601.06, 54.540187, 12578.5, NA, NA, NA, NA, NA, NA, NA, NA
problems2021-aes-mul_8_3, 3600.24, 3.487457, 2125.3, NA, NA, NA, NA, NA, NA, NA, NA
problems2021-aes-mul_8_9, 3600.51, 11.303221, 7617.5, NA, NA, NA, NA, NA, NA, NA, NA
problems2021-aes-sbox_4, 3600.05, 0.003218, 63.8, NA, NA, NA, NA, NA, NA, NA, NA
problems2021-aes-sbox_8, 92.98, , 32773.3, NA, NA, NA, NA, NA, NA, NA, NA
problems2021-atcoss-mesat-atcoss_mesat_02, 3600.16, 0.013206, 883.4, NA, NA, NA, NA, NA, NA, NA, NA
problems2021-atcoss-mesat-atcoss_mesat_03, 3600.11, 0.012172, 599.6, NA, NA, NA, NA, NA, NA, NA, NA
problems2021-atcoss-mesat-atcoss_mesat_04, 3600.15, 0.013400, 507.7, NA, NA, NA, NA, NA, NA, NA, NA
problems2021-atcoss-mesat-atcoss_mesat_11, 3600.23, , 1399.4, NA, NA, NA, NA, NA, NA, NA, NA
problems2021-atcoss-mesat-atcoss_mesat_15, 3600.20, , 1138.9, NA, NA, NA, NA, NA, NA, NA, NA
problems2021-atcoss-mesat-atcoss_mesat_18, 3600.09, 0.013693, 945.5, NA, NA, NA, NA, NA, NA, NA, NA
problems2021-atcoss-sugar-atcoss_sugar_05, 3600.09, , 818.9, NA, NA, NA, NA, NA, NA, NA, NA
problems2021-atcoss-sugar-atcoss_sugar_10, 3600.04, 0.011597, 407.4, NA, NA, NA, NA, NA, NA, NA, NA
problems2021-bcp-hipp-yRa1-simp-simp-abcd_25.08, 0.57, 0.000279, 0.2, 0.80, 540663, 0.003626, 0.002990, 2.2, 4.94, 23.9, 1
problems2021-bcp-hipp-yRa1-simp-simp-ace_35.09, 1.10, 0.000411, 0.2, 0.52, 621457, 0.004309, 0.002111, 0.1, 3.41, 27.5, 1
problems2021-bcp-hipp-yRa1-simp-simp-cf_15.03, 0.60, 0.000149, 0.2, 0.85, 260407, 0.001767, 0.001323, 0.1, 4.23, 18.3, 1
problems2021-bcp-hipp-yRa1-simp-simp-ibd_45.07, 2.27, 0.000882, 9.7, 2.27, 10029118, 0.014193, 0.004839, 9.9, 1309.66, 114.3, 1
problems2021-bcp-hipp-yRa1-simp-simp-unif-10_50r40.02, 0.96, 0.001034, 1.4, 1.17, 1771399, 0.012578, 0.004466, 0.1, 9.34, 54.3, 1
problems2021-bcp-hipp-yRa1-simp-simp-unif-30_50r40.01, 0.16, 0.001073, 0.0, 0.43, 2176425, 0.013070, 0.004381, 0.1, 23.48, 60.2, 1
problems2021-bcp-hipp-yRa1-simp-simp-unif-30_50r4.04, 0.16, 0.000892, 0.0, 0.31, 1465265, 0.010317, 0.003812, 0.0, 3.30, 47.6, 1
problems2021-bcp-hipp-yRa1-simp-simp-unif-50_30.20, 0.49, 0.000383, 0.0, 0.53, 637042, 0.004754, 0.002306, 0.0, 1.19, 26.5, 1
problems2021-bcp-hipp-yRa1-su-SU-100kb__simp-genos.haps.24, 1.94, 0.001956, 6.5, 2.30, 15321807, 0.026765, 0.008171, 6.7, 6323.57, 146.8, 1
problems2021-bcp-hipp-yRa1-su-SU2__simp-genos.haps.61, 0.87, 0.001272, 0.0, 1.02, 7525935, 0.056337, 0.015855, 2.7, 11.05, 239.9, 1
problems2021-bcp-msp-normalized-ii8a2, 3600.11, 0.015259, 145.4, NA, NA, NA, NA, NA, NA, NA, NA
problems2021-bcp-mtg-c1355_F127gat-418gat@1, 1.26, 0.001142, 3.6, 0.40, 1862279, 0.012178, 0.004261, 3.5, 16.43, 62.0, 1
problems2021-CircuitDebuggingProblems-ac97_ctrl-debug.dimacs, 89.64, , 32810.2, NA, NA, NA, NA, NA, NA, NA, NA
problems2021-CircuitDebuggingProblems-divider-debug.dimacs, 91.55, , 32775.5, NA, NA, NA, NA, NA, NA, NA, NA
problems2021-CircuitDebuggingProblems-mem_ctrl-debug.dimacs, 93.83, , 32785.2, NA, NA, NA, NA, NA, NA, NA, NA
problems2021-CircuitDebuggingProblems-mrisc-debug.dimacs, 112.13, , 32788.4, NA, NA, NA, NA, NA, NA, NA, NA
problems2021-CircuitDebuggingProblems-rsdecoder-debug.dimacs, 158.94, , 32769.1, NA, NA, NA, NA, NA, NA, NA, NA
problems2021-CircuitDebuggingProblems-spi-debug.dimacs, 108.28, , 32778.3, NA, NA, NA, NA, NA, NA, NA, NA
problems2021-CircuitDebuggingProblems-sudoku-debug.dimacs, 186.03, , 32795.3, NA, NA, NA, NA, NA, NA, NA, NA
problems2021-CircuitDebuggingProblems-vga-debug.dimacs, 86.95, , 32785.0, NA, NA, NA, NA, NA, NA, NA, NA
problems2021-CircuitDebuggingProblems-wb-debug.dimacs, 91.82, , 32786.5, NA, NA, NA, NA, NA, NA, NA, NA
problems2021-CircuitTraceCompaction-ctrl, 0.96, 0.000091, 5.0, 1.28, 824687, 0.000882, 0.000396, 5.0, 4.14, 68.9, 1
problems2021-CircuitTraceCompaction-mrisc_mem2wire, 104.90, 0.000147, 78.4, 104.44, 44869189, 0.000953, 0.000394, 78.9, 245.06, 1084.8, 1
problems2021-CircuitTraceCompaction-spi, 6.11, 0.000592, 31.6, 5.60, 8320694, 0.005114, 0.001629, 31.7, 26.62, 455.9, 1
problems2021-CircuitTraceCompaction-sudoku, 21.08, 0.000126, 153.2, 21.26, 56762308, 0.000945, 0.000398, 151.6, 55.62, 2847.4, 1
problems2021-close_solutions-SAT04__industrial__vangelder__cnf-color__abb313GPIA-9-tr.used-as.sat04-321.cnf.wcnf.6, 3600.82, 27.818112, 12145.7, NA, NA, NA, NA, NA, NA, NA, NA
problems2021-close_solutions-SAT04__industrial__velev__pipe-sat-1-1__12pipe_bug4_q0.used-as.sat04-723.cnf.wcnf.4, 107.38, , 32791.5, NA, NA, NA, NA, NA, NA, NA, NA
problems2021-close_solutions-SAT11__application__fuhs__AProVE11__AProVE11-12.cnf.wcnf.3, 110.00, , 32799.0, NA, NA, NA, NA, NA, NA, NA, NA
problems2021-close_solutions-SAT11__application__jarvisalo__AAAI2010-SATPlanning__aaai10-planning-ipc5-pipesworld-12-step16.cnf.wcnf.6, 228.19, , 32783.4, NA, NA, NA, NA, NA, NA, NA, NA
problems2021-close_solutions-SAT11__application__jarvisalo__AAAI2010-SATPlanning__aaai10-planning-ipc5-pipesworld-18-step16.cnf.wcnf.2, 724.09, , 32768.8, NA, NA, NA, NA, NA, NA, NA, NA
problems2021-close_solutions-SAT11__application__jarvisalo__AAAI2010-SATPlanning__aaai10-planning-ipc5-pipesworld-27-step14.cnf.wcnf.1, 242.45, , 32771.6, NA, NA, NA, NA, NA, NA, NA, NA
problems2021-close_solutions-SAT11__application__jarvisalo__smtqfbv-aigs__smtlib-qfbv-aigs-rfunit_flat-64-tseitin.cnf.wcnf.3, 182.29, , 32775.3, NA, NA, NA, NA, NA, NA, NA, NA
problems2021-close_solutions-SAT11__application__jarvisalo__smtqfbv-aigs__smtlib-qfbv-aigs-rfunit_flat-64-tseitin.cnf.wcnf.5, 206.29, , 32787.1, NA, NA, NA, NA, NA, NA, NA, NA
problems2021-close_solutions-SAT11__application__leberre__2dimensionalstrippacking__E05F18.cnf.wcnf.7, 3600.39, 8.061858, 3838.5, NA, NA, NA, NA, NA, NA, NA, NA
problems2021-close_solutions-SAT11__application__manthey__traffic__traffic_r_sat.cnf.wcnf.5, 110.15, , 32775.3, NA, NA, NA, NA, NA, NA, NA, NA
problems2021-close_solutions-SAT11__application__manthey__traffic__traffic_r_sat.cnf.wcnf.6, 114.78, , 32793.7, NA, NA, NA, NA, NA, NA, NA, NA
problems2021-close_solutions-teams20_l10a.cnf, 3600.27, 2.745204, 1981.1, NA, NA, NA, NA, NA, NA, NA, NA
problems2021-ConsistentQueryAnswering-real-2, 1.24, 0.003247, 49.1, 0.94, 37595417, 0.224164, 0.065144, 53.2, 58.42, 2224.0, 1
problems2021-ConsistentQueryAnswering-real-5, 204.21, 24.092744, 3327.8, 1358.47, 15644754066, 887.684036, 291.839060, 3371.0, 3004.09, 40960.8, 0
problems2021-ConsistentQueryAnswering-real-6, 1.19, 0.002934, 54.7, 1.12, 36138625, 0.215465, 0.061532, 57.0, 55.86, 2361.0, 1
problems2021-ConsistentQueryAnswering-synthetic-10, 5.12, 4.200286, 29.1, 378.15, 32514244608, 291.369226, 86.572740, 49.2, 1344.32, 40960.8, 0
problems2021-ConsistentQueryAnswering-synthetic-12, 7.01, 6.303473, 36.0, 486.75, 32413581312, 357.006453, 129.534811, 61.5, 1302.65, 40961.9, 0
problems2021-ConsistentQueryAnswering-synthetic-14, 1.14, 0.699847, 41.5, 69.58, 7990603651, 56.057574, 13.031196, 48.6, 1441.30, 40961.5, 0
problems2021-ConsistentQueryAnswering-synthetic-15, 0.38, 0.086751, 5.4, 9.37, 981709101, 7.200023, 1.730903, 8.0, 1182.49, 40963.4, 0
problems2021-ConsistentQueryAnswering-synthetic-21, 17.32, 9.218344, 253.7, 562.46, 14889779200, 380.760348, 173.424709, 283.3, 2966.89, 40960.3, 0
problems2021-ConsistentQueryAnswering-synthetic-5, 0.46, 0.207240, 8.3, 10.33, 24593, 7.450207, 2.277820, 12.1, 0.50, 27.3, 1
problems2021-decision-tree-anneal-un-formula_0.8_2021_atleast_127_max-6_reduced_incomplete_tree, 3600.97, 0.049264, 11375.0, NA, NA, NA, NA, NA, NA, NA, NA
problems2021-decision-tree-anneal-un-formula_0.8_2021_atleast_31_max-4_reduced_incomplete_tree, 3600.47, 0.051666, 4165.5, NA, NA, NA, NA, NA, NA, NA, NA
problems2021-decision-tree-australian-credit-un-formula_0.8_2021_atleast_127_max-6_reduced_incomplete_tree, 3600.71, 0.031032, 9871.5, NA, NA, NA, NA, NA, NA, NA, NA
problems2021-decision-tree-australian-credit-un-formula_0.8_2021_atleast_15_max-3_reduced_incomplete_tree, 3600.17, 0.030527, 2009.2, NA, NA, NA, NA, NA, NA, NA, NA
problems2021-decision-tree-breast-cancer-un-rest-stratified-formula_0.8_2021_atleast_63_max-5_reduced_incomplete_tree, 3600.55, 0.035080, 5160.0, NA, NA, NA, NA, NA, NA, NA, NA
problems2021-decision-tree-car-un-formula_0.8_2021_atleast_127_max-6_reduced_incomplete_tree, 3600.34, 0.215515, 3635.4, NA, NA, NA, NA, NA, NA, NA, NA
problems2021-decision-tree-heart-cleveland-un-formula_0.8_2021_atleast_127_max-6_reduced_incomplete_tree, 3600.83, 0.008506, 9560.9, NA, NA, NA, NA, NA, NA, NA, NA
problems2021-decision-tree-heart-cleveland-un-formula_0.8_2021_atleast_63_max-5_reduced_incomplete_tree, 3600.59, 0.007651, 8374.9, NA, NA, NA, NA, NA, NA, NA, NA
problems2021-decision-tree-hypothyroid-un-formula_0.8_2021_atleast_31_max-4_reduced_incomplete_tree, 3600.29, 0.769456, 3662.9, NA, NA, NA, NA, NA, NA, NA, NA
problems2021-decision-tree-lymph-un-formula_0.8_2021_atleast_127_max-6_reduced_incomplete_tree, 3600.68, 0.003084, 9753.5, NA, NA, NA, NA, NA, NA, NA, NA
problems2021-decision-tree-mushroom-un-formula_0.8_2021_atleast_127_max-6_reduced_incomplete_tree, 3600.74, 5.645986, 8811.5, NA, NA, NA, NA, NA, NA, NA, NA
problems2021-decision-tree-primary-tumor-un-formula_0.8_2021_atleast_15_max-3_reduced_incomplete_tree, 3600.10, 0.009027, 572.4, NA, NA, NA, NA, NA, NA, NA, NA
problems2021-decision-tree-primary-tumor-un-formula_0.8_2021_atleast_31_max-4_reduced_incomplete_tree, 3600.27, 0.008964, 3330.9, NA, NA, NA, NA, NA, NA, NA, NA
problems2021-decision-tree-soybean-un-formula_0.8_2021_atleast_127_max-6_reduced_incomplete_tree, 3600.74, 0.029178, 8789.3, NA, NA, NA, NA, NA, NA, NA, NA
problems2021-decision-tree-soybean-un-formula_0.8_2021_atleast_15_max-3_reduced_incomplete_tree, 3600.12, 0.029436, 655.5, NA, NA, NA, NA, NA, NA, NA, NA
problems2021-decision-tree-soybean-un-formula_0.8_2021_atleast_31_max-4_reduced_incomplete_tree, 3600.26, 0.029289, 2222.8, NA, NA, NA, NA, NA, NA, NA, NA
problems2021-decision-tree-splice-1-un-formula_0.8_2021_atleast_15_max-3_reduced_incomplete_tree, 3600.33, 0.745009, 4711.7, NA, NA, NA, NA, NA, NA, NA, NA
problems2021-decision-tree-splice-1-un-formula_0.8_2021_atleast_63_max-5_reduced_incomplete_tree, 3600.64, 0.741454, 6858.4, NA, NA, NA, NA, NA, NA, NA, NA
problems2021-decision-tree-tic-tac-toe-un-formula_0.8_2021_atleast_127_max-6_reduced_incomplete_tree, 3600.26, 0.063186, 3532.0, NA, NA, NA, NA, NA, NA, NA, NA
problems2021-decision-tree-tic-tac-toe-un-formula_0.8_2021_atleast_31_max-4_reduced_incomplete_tree, 3600.19, 0.069265, 1444.6, NA, NA, NA, NA, NA, NA, NA, NA
problems2021-decision-tree-tic-tac-toe-un-formula_0.8_2021_atleast_63_max-5_reduced_incomplete_tree, 3600.12, 0.067457, 984.8, NA, NA, NA, NA, NA, NA, NA, NA
problems2021-decision-tree-vote-un-formula_0.8_2021_atleast_31_max-4_reduced_incomplete_tree, 3600.26, 0.014174, 2061.3, NA, NA, NA, NA, NA, NA, NA, NA
problems2021-decision-tree-vote-un-formula_0.8_2021_atleast_63_max-5_reduced_incomplete_tree, 3600.48, 0.014876, 5398.8, NA, NA, NA, NA, NA, NA, NA, NA
problems2021-des-cnf.11.p.9, 239.48, 1.617940, 926.5, 274.55, 3878366510, 24.533753, 5.532904, 931.0, 2903.98, 40963.6, 0
problems2021-des-cnf.13.p.6, 80.54, 2.290172, 1230.8, 122.03, 4671480789, 34.710826, 7.681090, 1236.8, 3364.61, 40964.4, 0
problems2021-des-cnf.14.d.10, 51.75, 1.969483, 1074.7, 87.11, 3996435697, 29.160511, 6.530601, 1080.1, 3474.44, 40960.8, 0
problems2021-des-cnf.14.p.5, 270.39, 2.243408, 1225.1, 313.75, 5035456331, 33.559123, 7.477901, 1230.7, 3278.65, 40962.9, 0
problems2021-des-cnf.14.p.8, 1080.15, 3.262072, 1720.5, 1328.93, 7554127835, 47.680404, 10.391698, 1727.2, 3691.77, 40963.4, 0
problems2021-des-cnf.15.p.10, 3600.24, 3.600954, 2736.7, NA, NA, NA, NA, NA, NA, NA, NA
problems2021-des-cnf.16.p.4, 78.95, 2.662998, 1383.7, 127.05, 5301382671, 40.161390, 9.033090, 1390.1, 3085.78, 40962.8, 0
problems2021-des-cnf.17.t.10, 134.44, 4.801784, 2483.8, 216.23, 9853101961, 71.172312, 15.610438, 2491.3, 5439.31, 40963.7, 0
problems2021-des-cnf.19.d.10, 73.01, 3.380969, 1787.4, 130.36, 6820958947, 50.351797, 11.054843, 1793.8, 3792.91, 40960.9, 0
problems2021-des-cnf.19.p.5, 164.00, 4.692529, 2429.2, 244.59, 9557437671, 68.624765, 15.272975, 2436.4, 5433.20, 40962.3, 0
problems2021-des-cnf.19.t.7, 143.47, 5.578608, 2799.7, 238.73, 11162741438, 81.921565, 18.068164, 2807.5, 6226.77, 40961.2, 0
problems2021-des-cnf.8.p.9, 92.12, 0.934088, 527.3, 107.00, 2075035810, 14.295574, 3.149625, 530.6, 2033.00, 40961.9, 0
problems2021-drmx-atmostk-drmx-am12-outof-40-ecardn, 1.59, 0.000331, 2.4, 1.20, 4150906, 0.003135, 0.001579, 2.7, 90.73, 43.8, 1
problems2021-drmx-atmostk-drmx-am16-outof-45-ecardn, 1.28, 0.000393, 3.2, 1.59, 9281862, 0.003902, 0.002045, 3.2, 243.76, 65.2, 1
problems2021-drmx-atmostk-drmx-am16-outof-45-emtot, 0.15, 0.000399, 0.0, 0.25, 755539, 0.003873, 0.002119, 0.0, 8.27, 27.2, 1
problems2021-drmx-atmostk-drmx-am20-outof-50-ecardn, 3.86, 0.000470, 4.0, 4.88, 27765460, 0.004722, 0.002111, 4.2, 830.65, 146.9, 1
problems2021-drmx-atmostk-drmx-am20-outof-50-ekmtot, 1.08, 0.000494, 2.7, 0.54, 3077016, 0.004773, 0.002650, 2.7, 68.39, 41.0, 1
problems2021-drmx-atmostk-drmx-am20-outof-50-eseqc, 1.63, 0.000448, 3.3, 1.61, 5701081, 0.004876, 0.001637, 3.2, 225.18, 56.7, 1
problems2021-drmx-atmostk-drmx-am28-outof-60-ekmtot, 1.25, 0.000661, 2.9, 0.92, 4386897, 0.006696, 0.002786, 3.2, 186.20, 53.3, 1
problems2021-drmx-atmostk-drmx-am28-outof-60-emtot, 1.15, 0.000659, 3.2, 1.01, 5515070, 0.006736, 0.002613, 3.2, 168.90, 57.5, 1
problems2021-drmx-atmostk-drmx-am28-outof-60-etot, 6.51, 0.000664, 5.5, 6.61, 38809891, 0.006750, 0.003064, 5.5, 2010.31, 237.8, 1
problems2021-drmx-atmostk-drmx-am32-outof-70-etot, 12.03, 0.000872, 8.1, 12.09, 66960478, 0.009081, 0.003432, 8.0, 5318.85, 383.2, 1
problems2021-drmx-cryptogen-geffe128_0, 3600.21, 0.253929, 1845.7, NA, NA, NA, NA, NA, NA, NA, NA
problems2021-drmx-cryptogen-geffe128_2, 3600.17, 0.259008, 1333.9, NA, NA, NA, NA, NA, NA, NA, NA
problems2021-drmx-cryptogen-geffe128_3, 3600.19, 0.253010, 1502.7, NA, NA, NA, NA, NA, NA, NA, NA
problems2021-drmx-cryptogen-threshold128_1, 3600.16, 0.260133, 907.0, NA, NA, NA, NA, NA, NA, NA, NA
problems2021-drmx-cryptogen-threshold128_7, 3600.17, 0.261287, 1379.4, NA, NA, NA, NA, NA, NA, NA, NA
problems2021-drmx-cryptogen-wolfram72_3, 3602.06, 65.706067, 21379.2, NA, NA, NA, NA, NA, NA, NA, NA
problems2021-drmx-cryptogen-wolfram72_6, 3601.63, 53.051615, 21301.1, NA, NA, NA, NA, NA, NA, NA, NA
problems2021-drmx-cryptogen-wolfram72_8, 3601.71, 53.074220, 21568.8, NA, NA, NA, NA, NA, NA, NA, NA
problems2021-drmx-cryptogen-wolfram72_9, 3601.62, 49.759867, 21402.9, NA, NA, NA, NA, NA, NA, NA, NA
problems2021-drmx-cryptogen-wolfram80_3, 3602.71, 97.227866, 31747.4, NA, NA, NA, NA, NA, NA, NA, NA
problems2021-drmx-cryptogen-wolfram80_5, 3602.42, 105.657032, 31792.8, NA, NA, NA, NA, NA, NA, NA, NA
problems2021-drmx-cryptogen-wolfram80_7, 3602.51, 84.234839, 32004.3, NA, NA, NA, NA, NA, NA, NA, NA
problems2021-exploits-synthesis_changjian_zhang-meltdown_min, 654.39, 0.273314, 1872.1, 660.12, 640842994, 4.080848, 0.914110, 1871.7, 5204.78, 40960.1, 0
problems2021-extension-enforcement-extension-enforcement_non-strict_stb_150_0.05_1_8_3, 3603.07, 98.667253, 30361.5, NA, NA, NA, NA, NA, NA, NA, NA
problems2021-extension-enforcement-extension-enforcement_non-strict_stb_200_0.05_4_10_0, 88.30, , 32802.5, NA, NA, NA, NA, NA, NA, NA, NA
problems2021-extension-enforcement-extension-enforcement_non-strict_stb_200_0.1_4_10_2, 87.97, , 32803.0, NA, NA, NA, NA, NA, NA, NA, NA
problems2021-extension-enforcement-extension-enforcement_strict_com_100_0.05_4_20_3, 3600.55, 12.439548, 5702.1, NA, NA, NA, NA, NA, NA, NA, NA
problems2021-extension-enforcement-extension-enforcement_strict_com_150_0.05_4_30_4, 3602.50, 70.184108, 28347.1, NA, NA, NA, NA, NA, NA, NA, NA
problems2021-extension-enforcement-extension-enforcement_strict_com_150_0.1_4_15_1, 3602.96, 106.477918, 30062.3, NA, NA, NA, NA, NA, NA, NA, NA
problems2021-extension-enforcement-extension-enforcement_strict_com_150_0.3_3_8_3, 3602.70, 84.432190, 30529.2, NA, NA, NA, NA, NA, NA, NA, NA
problems2021-extension-enforcement-extension-enforcement_strict_com_200_0.05_0_40_1, 96.92, , 32800.8, NA, NA, NA, NA, NA, NA, NA, NA
problems2021-extension-enforcement-extension-enforcement_strict_com_200_0.05_4_20_1, 94.45, , 32785.4, NA, NA, NA, NA, NA, NA, NA, NA
problems2021-extension-enforcement-extension-enforcement_strict_com_200_0.05_4_20_4, 105.59, , 32782.8, NA, NA, NA, NA, NA, NA, NA, NA
problems2021-extension-enforcement-extension-enforcement_strict_com_200_0.1_0_10_1, 88.06, , 32768.8, NA, NA, NA, NA, NA, NA, NA, NA
problems2021-extension-enforcement-extension-enforcement_strict_com_200_0.2_2_10_2, 97.76, , 32784.0, NA, NA, NA, NA, NA, NA, NA, NA
problems2021-fault-diagnosis-s01423_nan_explicit_8_0, 10.79, 0.997000, 537.9, 29.07, 2060391039, 15.775884, 3.581854, 540.8, 1981.85, 40960.7, 0
problems2021-fault-diagnosis-s38417_nan_explicit_12_0, 10.18, 0.953335, 541.3, 27.84, 2076453677, 15.491996, 3.460260, 544.6, 1951.57, 40963.7, 0
problems2021-fault-diagnosis-s38417_nan_explicit_14_0, 11.42, 1.005369, 551.4, 29.47, 2069045242, 15.681612, 3.494416, 554.8, 2043.18, 40963.7, 0
problems2021-fault-diagnosis-s38417_nan_explicit_17_0, 11.81, 0.979243, 552.3, 29.04, 2073288800, 15.570336, 3.492432, 555.8, 1979.35, 40960.2, 0
problems2021-fault-diagnosis-s38417_nan_explicit_18_0, 10.80, 0.955449, 542.5, 29.95, 2076240989, 16.054281, 4.040426, 546.0, 1977.53, 40960.2, 0
problems2021-fault-diagnosis-s38417_nan_explicit_3_0, 10.82, 0.971563, 545.2, 28.71, 2127395353, 15.505690, 3.453474, 548.8, 1956.30, 40960.1, 0
problems2021-fault-diagnosis-s38584_nan_explicit_20_0, 127.09, , 32788.2, NA, NA, NA, NA, NA, NA, NA, NA
problems2021-fault-diagnosis-s38584_nan_explicit_21_0, 119.45, , 32790.6, NA, NA, NA, NA, NA, NA, NA, NA
problems2021-fault-diagnosis-s38584_nan_explicit_23_0, 108.86, , 32780.4, NA, NA, NA, NA, NA, NA, NA, NA
problems2021-fault-diagnosis-s38584_nan_explicit_24_0, 120.50, , 32792.7, NA, NA, NA, NA, NA, NA, NA, NA
problems2021-fault-diagnosis-s38584_nan_explicit_42_0, 117.20, , 32777.5, NA, NA, NA, NA, NA, NA, NA, NA
problems2021-fault-diagnosis-s38584_nan_explicit_46_0, 120.14, , 32771.0, NA, NA, NA, NA, NA, NA, NA, NA
problems2021-gen-hyper-tw-GenHyperTW_adder_15, 3600.31, 0.001503, 2218.1, NA, NA, NA, NA, NA, NA, NA, NA
problems2021-gen-hyper-tw-GenHyperTW_aim-50-3_4-yes1-3, 3600.24, , 1443.2, NA, NA, NA, NA, NA, NA, NA, NA
problems2021-gen-hyper-tw-GenHyperTW_atv_partial_system, 3600.37, 0.002051, 3213.7, NA, NA, NA, NA, NA, NA, NA, NA
problems2021-gen-hyper-tw-GenHyperTW_b02, 56.15, 0.000131, 33.3, 58.54, 235748762, 0.001512, 0.000557, 33.4, 656.66, 772.2, 1
problems2021-gen-hyper-tw-GenHyperTW_clique_15, 3600.16, 0.000108, 1116.6, NA, NA, NA, NA, NA, NA, NA, NA
problems2021-gen-hyper-tw-GenHyperTW_dubois25, 3600.14, 0.003189, 732.7, NA, NA, NA, NA, NA, NA, NA, NA
problems2021-gen-hyper-tw-GenHyperTW_flat30-50, 3600.21, , 3136.8, NA, NA, NA, NA, NA, NA, NA, NA
problems2021-gen-hyper-tw-GenHyperTW_hole6, 3600.11, 0.003126, 868.0, NA, NA, NA, NA, NA, NA, NA, NA
problems2021-gen-hyper-tw-GenHyperTW_par8-3-c, 3600.22, , 1911.1, NA, NA, NA, NA, NA, NA, NA, NA
problems2021-gen-hyper-tw-GenHyperTW_pret60_25, 3600.13, 0.002496, 897.5, NA, NA, NA, NA, NA, NA, NA, NA
problems2021-gen-hyper-tw-GenHyperTW_uf20-099, 3600.13, 0.001332, 501.5, NA, NA, NA, NA, NA, NA, NA, NA
problems2021-HaplotypeAssembly-splitedReads_0.matrix, 3600.56, 14.485520, 6577.6, NA, NA, NA, NA, NA, NA, NA, NA
problems2021-hs-timetabling-GreeceWesternGreeceUniversityInstance4.xml, 3600.17, , 836.1, NA, NA, NA, NA, NA, NA, NA, NA
problems2021-kbtree-kbtree9_7_3_5_40_2.wcsp, 3600.06, 0.084562, 162.5, NA, NA, NA, NA, NA, NA, NA, NA
problems2021-kbtree-kbtree9_7_3_5_40_4.wcsp, 3600.06, 0.088196, 158.7, NA, NA, NA, NA, NA, NA, NA, NA
problems2021-kbtree-kbtree9_7_3_5_40_6.wcsp, 3600.07, 0.083022, 175.2, NA, NA, NA, NA, NA, NA, NA, NA
problems2021-kbtree-kbtree9_7_3_5_50_3.wcsp, 3600.05, 0.093740, 191.4, NA, NA, NA, NA, NA, NA, NA, NA
problems2021-kbtree-kbtree9_7_3_5_60_4.wcsp, 3600.09, 0.099088, 264.9, NA, NA, NA, NA, NA, NA, NA, NA
problems2021-kbtree-kbtree9_7_3_5_70_6.wcsp, 3600.11, 0.101557, 293.9, NA, NA, NA, NA, NA, NA, NA, NA
problems2021-kbtree-kbtree9_7_3_5_90_2.wcsp, 3600.08, 0.102113, 314.8, NA, NA, NA, NA, NA, NA, NA, NA
problems2021-large-graph-commmunity-detection_jabbour-AMAZON, 344.50, , 32772.7, NA, NA, NA, NA, NA, NA, NA, NA
problems2021-large-graph-commmunity-detection_jabbour-DBLP, 146.66, , 32768.8, NA, NA, NA, NA, NA, NA, NA, NA
problems2021-large-graph-commmunity-detection_jabbour-FOOTBALL, 0.43, 0.002065, 0.0, 0.66, 32767, 0.010873, 0.014415, 3.2, 0.92, 14.2, 1
problems2021-large-graph-commmunity-detection_jabbour-KARATE, 0.22, 0.000241, 0.0, 0.27, 32753, 0.001002, 0.005980, 0.0, 0.40, 14.1, 1
problems2021-large-graph-commmunity-detection_jabbour-YOUTUBE, 115.36, , 32780.2, NA, NA, NA, NA, NA, NA, NA, NA
problems2021-logic-synthesis-normalized-alu4.b.opb.msat, 3600.12, 0.071412, 335.4, NA, NA, NA, NA, NA, NA, NA, NA
problems2021-logic-synthesis-normalized-apex4.a.opb.msat, 3600.40, 2.174256, 3579.6, NA, NA, NA, NA, NA, NA, NA, NA
problems2021-logic-synthesis-normalized-bench1.pi.opb.msat, 3600.28, 2.684817, 2468.6, NA, NA, NA, NA, NA, NA, NA, NA
problems2021-logic-synthesis-normalized-e64.b.opb.msat, 3600.06, 0.040900, 345.0, NA, NA, NA, NA, NA, NA, NA, NA
problems2021-logic-synthesis-normalized-ex5.pi.opb.msat, 3600.15, 0.684749, 905.5, NA, NA, NA, NA, NA, NA, NA, NA
problems2021-logic-synthesis-normalized-exam.pi.opb.msat, 3600.45, 2.634576, 4292.1, NA, NA, NA, NA, NA, NA, NA, NA
problems2021-logic-synthesis-normalized-f51m.b.opb.msat, 42.00, 0.019967, 21.7, 42.14, 32743, 0.132664, 0.066260, 22.0, 1.29, 15.8, 1
problems2021-logic-synthesis-normalized-jac3.opb.msat, 3600.12, 0.327887, 622.9, NA, NA, NA, NA, NA, NA, NA, NA
problems2021-logic-synthesis-normalized-sao2.b.opb.msat, 750.05, 0.016812, 61.0, 764.47, 24602, 0.111098, 0.041413, 61.5, 1.12, 15.5, 1
problems2021-logic-synthesis-normalized-test4.pi.opb.msat, 3600.47, 4.865483, 4886.9, NA, NA, NA, NA, NA, NA, NA, NA
problems2021-maxclique-structured-c-fat200-2.clq, 1.06, 0.005408, 1.9, 0.24, 32768, 0.032575, 0.021740, 5.5, 1.59, 28.5, 1
problems2021-maxclique-structured-hamming10-4.clq, 3600.18, 0.123732, 1173.6, NA, NA, NA, NA, NA, NA, NA, NA
problems2021-maxclique-structured-hamming6-4.clq, 0.85, 0.000776, 0.0, 1.02, 24612, 0.003860, 0.015628, 1.4, 0.23, 8.2, 1
problems2021-maxclique-structured-johnson16-2-4.clq, 6.03, 0.002242, 7.8, 5.28, 24586, 0.012167, 0.019754, 8.0, 0.43, 15.0, 1
problems2021-maxclique-structured-johnson32-2-4.clq, 3600.07, 0.028747, 570.8, NA, NA, NA, NA, NA, NA, NA, NA
problems2021-maxclique-structured-johnson8-4-4.clq, 0.43, 0.000881, 1.4, 0.56, 8189, 0.004291, 0.004514, 2.5, 1.17, 11.6, 1
problems2021-maxclique-structured-p_hat1000-2.clq, 3600.08, 0.113297, 685.1, NA, NA, NA, NA, NA, NA, NA, NA
problems2021-maxclique-structured-p_hat700-2.clq, 3600.10, 0.055414, 424.3, NA, NA, NA, NA, NA, NA, NA, NA
problems2021-maxcut-bipartite-maxcut-140-630-0.7-12, 3600.08, 0.170972, 662.4, NA, NA, NA, NA, NA, NA, NA, NA
problems2021-maxcut-bipartite-maxcut-140-630-0.7-20, 3600.11, 0.180207, 768.4, NA, NA, NA, NA, NA, NA, NA, NA
problems2021-maxcut-bipartite-maxcut-140-630-0.7-28, 3600.16, 0.173498, 642.6, NA, NA, NA, NA, NA, NA, NA, NA
problems2021-maxcut-bipartite-maxcut-140-630-0.7-45, 3600.09, 0.190137, 631.8, NA, NA, NA, NA, NA, NA, NA, NA
problems2021-maxcut-bipartite-maxcut-140-630-0.7-4, 3600.06, 0.168412, 633.4, NA, NA, NA, NA, NA, NA, NA, NA
problems2021-maxcut-bipartite-maxcut-140-630-0.7-6, 3600.09, 0.172081, 632.6, NA, NA, NA, NA, NA, NA, NA, NA
problems2021-maxcut-bipartite-maxcut-140-630-0.8-18, 3600.13, 0.181663, 675.2, NA, NA, NA, NA, NA, NA, NA, NA
problems2021-maxcut-bipartite-maxcut-140-630-0.8-1, 3600.15, 0.177391, 663.6, NA, NA, NA, NA, NA, NA, NA, NA
problems2021-maxcut-bipartite-maxcut-140-630-0.8-26, 3600.07, 0.166107, 724.6, NA, NA, NA, NA, NA, NA, NA, NA
problems2021-maxcut-bipartite-maxcut-140-630-0.8-39, 3600.07, 0.181026, 672.0, NA, NA, NA, NA, NA, NA, NA, NA
problems2021-maxcut-dimacs_mod-brock200_3.clq, 3600.03, 0.134044, 265.8, NA, NA, NA, NA, NA, NA, NA, NA
problems2021-maxcut-dimacs_mod-johnson8-2-4.clq, 115.15, 0.021293, 31.1, 114.35, 24585, 0.140120, 0.055740, 31.5, 2.44, 14.2, 1
problems2021-MaximumCommonSub-GraphExtraction-solved-g2_n35e34_n58e61, 3600.05, 0.000263, 139.7, NA, NA, NA, NA, NA, NA, NA, NA
problems2021-MaximumCommonSub-GraphExtraction-solved-g2_n57e60_n61e85, 3600.05, 0.000625, 151.9, NA, NA, NA, NA, NA, NA, NA, NA
problems2021-MaximumCommonSub-GraphExtraction-solved-g2_n66e80_n71e77, 3600.03, 0.001097, 123.5, NA, NA, NA, NA, NA, NA, NA, NA
problems2021-MaximumCommonSub-GraphExtraction-solved-g7_n25e24_n28e29_n32e33_n35e34_n37e37_n38e39_n40e39, 84.47, 0.000208, 63.8, 87.82, 8186, 0.000652, 0.000264, 63.9, 3.51, 141.8, 1
problems2021-maxone-structured-3col100_5_5.shuffled.cnf, 0.66, 0.005286, 1.9, 0.87, 24591, 0.032942, 0.010252, 3.7, 1.70, 14.1, 1
problems2021-maxone-structured-3col120_5_3.shuffled.cnf, 1.36, 0.008020, 6.3, 1.00, 32759, 0.045593, 0.014439, 6.5, 0.12, 0.0, 1
problems2021-maxone-structured-3col120_5_4.shuffled.cnf, 0.51, 0.007473, 6.3, 1.08, 32767, 0.045815, 0.014461, 6.3, 1.03, 13.9, 1
problems2021-maxone-structured-3col120_5_5.shuffled.cnf, 0.77, 0.007320, 6.6, 1.55, 24591, 0.047237, 0.014461, 7.1, 0.70, 0.0, 1
problems2021-maxone-structured-3col120_5_7.shuffled.cnf, 0.66, 0.007251, 7.0, 1.39, 32765, 0.046612, 0.014438, 7.2, 0.53, 14.4, 1
problems2021-maxone-structured-3col80_5_10.shuffled.cnf, 0.32, 0.003616, 0.0, 0.41, 32766, 0.020743, 0.006772, 0.0, 0.52, 0.0, 1
problems2021-maxone-structured-3col80_5_4.shuffled.cnf, 0.30, 0.003526, 0.0, 0.39, 24584, 0.020545, 0.006761, 0.0, 0.50, 0.0, 1
problems2021-MaxSATQueriesinInterpretableClassifiers-MLIC_maxsat_benchmarks-credit_train_1_DNF_3_1, 120.94, , 32771.7, NA, NA, NA, NA, NA, NA, NA, NA
problems2021-MaxSATQueriesinInterpretableClassifiers-MLIC_maxsat_benchmarks-parkinsons_test_1_CNF_4_1, 0.35, 0.006215, 0.0, 0.45, 32765, 0.039576, 0.019847, 0.0, 0.57, 0.0, 1
problems2021-MaxSATQueriesinInterpretableClassifiers-MLIC_maxsat_benchmarks-toms_test_1_DNF_1_1, 3600.19, 1.674477, 1221.5, NA, NA, NA, NA, NA, NA, NA, NA
problems2021-MaxSATQueriesinInterpretableClassifiers-MLIC_maxsat_benchmarks-wdbc_train_0_CNF_2_1, 1004.03, 0.054584, 144.7, 982.78, 32768, 0.384310, 0.119185, 145.3, 4.17, 27.0, 1
problems2021-MaxSATQueriesinInterpretableClassifiers-wcnf_gz-ilpd_train_9_CNF_5_1, 3600.11, 0.041169, 440.9, NA, NA, NA, NA, NA, NA, NA, NA
problems2021-MaxSATQueriesinInterpretableClassifiers-wcnf_gz-parkinsons_train_6_DNF_3_1, 10.14, 0.013215, 17.4, 9.81, 24602, 0.085469, 0.036286, 17.7, 0.99, 20.6, 1
problems2021-MaxSATQueriesinInterpretableClassifiers-wcnf_gz-transfusion_train_4_DNF_5_1, 12.51, 0.055130, 35.9, 13.94, 32757, 0.399931, 0.123100, 36.7, 1.10, 20.3, 1
problems2021-mbd-b14_C-mbd14-0329, 3600.12, 0.363670, 485.3, NA, NA, NA, NA, NA, NA, NA, NA
problems2021-mbd-b15_C-mbd14-0240, 3600.06, 0.540716, 338.4, NA, NA, NA, NA, NA, NA, NA, NA
problems2021-mbd-b21_C-mbd14-0230, 3600.11, 1.573901, 1302.1, NA, NA, NA, NA, NA, NA, NA, NA
problems2021-mbd-b21_C-mbd14-0374, 3600.12, 1.565119, 844.7, NA, NA, NA, NA, NA, NA, NA, NA
problems2021-min-fill-MinFill_R0_miles1500, 3600.12, 0.946725, 937.2, NA, NA, NA, NA, NA, NA, NA, NA
problems2021-min-fill-MinFill_R0_mulsol.i.1, 3600.26, 3.921549, 2170.0, NA, NA, NA, NA, NA, NA, NA, NA
problems2021-min-fill-MinFill_R0_myciel6, 3600.18, 1.656606, 1184.5, NA, NA, NA, NA, NA, NA, NA, NA
problems2021-min-fill-MinFill_R0_queen5_5, 3600.02, 0.002875, 147.2, NA, NA, NA, NA, NA, NA, NA, NA
problems2021-min-fill-MinFill_R0_queen8_8, 3600.09, 0.250665, 727.8, NA, NA, NA, NA, NA, NA, NA, NA
problems2021-min-fill-MinFill_R0_queen9_9, 3600.09, 0.526375, 825.4, NA, NA, NA, NA, NA, NA, NA, NA
problems2021-min-fill-MinFill_R10_anna, 3600.09, 0.005790, 127.6, NA, NA, NA, NA, NA, NA, NA, NA
problems2021-min-fill-MinFill_R12_miles250, 3600.03, 0.012153, 194.3, NA, NA, NA, NA, NA, NA, NA, NA
problems2021-min-fill-MinFill_R1_games120, 3600.24, 3.081803, 2289.6, NA, NA, NA, NA, NA, NA, NA, NA
problems2021-min-fill-MinFill_R3_huck, 1.12, 0.000013, 0.2, 0.24, 24599, 0.000124, 0.010707, 0.0, 2.31, 16.7, 1
problems2021-min-fill-MinFill_R3_miles750, 3600.22, 3.187344, 2115.7, NA, NA, NA, NA, NA, NA, NA, NA
problems2021-optic-gen_add_3_carry_33, 3600.03, 0.005459, 119.0, NA, NA, NA, NA, NA, NA, NA, NA
problems2021-optic-gen_add_5_399, 3600.20, 0.205569, 1659.7, NA, NA, NA, NA, NA, NA, NA, NA
problems2021-optic-gen_add_5_carry_299, 3600.19, 0.484234, 2186.0, NA, NA, NA, NA, NA, NA, NA, NA
problems2021-optic-gen_add_5_carry_399, 3600.23, 0.500790, 2045.4, NA, NA, NA, NA, NA, NA, NA, NA
problems2021-optic-gen_add_6_991, 3600.20, 2.435382, 1174.6, NA, NA, NA, NA, NA, NA, NA, NA
problems2021-optic-gen_alldiff_3_cook_991, 3600.07, 0.008751, 102.2, NA, NA, NA, NA, NA, NA, NA, NA
problems2021-optic-gen_cvc-add3-bw3_33, 3600.10, 0.279663, 845.2, NA, NA, NA, NA, NA, NA, NA, NA
problems2021-optic-gen_cvc-add3-opt-bw3_299, 3600.13, 0.273276, 1002.1, NA, NA, NA, NA, NA, NA, NA, NA
problems2021-optic-gen_cvc-mult4_4_991, 3600.18, 0.165677, 1796.4, NA, NA, NA, NA, NA, NA, NA, NA
problems2021-optic-gen_cvc-mult4_4_9999, 3600.25, 0.181177, 1933.1, NA, NA, NA, NA, NA, NA, NA, NA
problems2021-optic-gen_cvc-plus_4_991, 3600.12, 0.024470, 168.2, NA, NA, NA, NA, NA, NA, NA, NA
problems2021-optic-gen_mult_5_5_299, 3601.03, 28.242361, 12564.7, NA, NA, NA, NA, NA, NA, NA, NA
problems2021-phylogenetic-trees_berg-ms_160_20_20-0, 3600.92, 0.003586, 12476.2, NA, NA, NA, NA, NA, NA, NA, NA
problems2021-phylogenetic-trees_berg-ms_200_10_40-0, 3600.67, 0.004993, 10659.1, NA, NA, NA, NA, NA, NA, NA, NA
problems2021-phylogenetic-trees_berg-ms_200_12_20-3, 3601.33, 0.005122, 18025.3, NA, NA, NA, NA, NA, NA, NA, NA
problems2021-phylogenetic-trees_berg-ms_200_16_20-0, 3601.50, 0.005487, 15122.9, NA, NA, NA, NA, NA, NA, NA, NA
problems2021-phylogenetic-trees_berg-ms_200_20_20-6, 3600.97, 0.005377, 14424.0, NA, NA, NA, NA, NA, NA, NA, NA
problems2021-phylogenetic-trees_berg-ms_200_22_20-2, 3601.09, 0.005091, 19750.6, NA, NA, NA, NA, NA, NA, NA, NA
problems2021-phylogenetic-trees_berg-ms_250_10_40-0, 3600.91, 0.008047, 13864.0, NA, NA, NA, NA, NA, NA, NA, NA
problems2021-phylogenetic-trees_berg-ms_260_20_20-0, 3600.94, 0.008377, 13813.1, NA, NA, NA, NA, NA, NA, NA, NA
problems2021-phylogenetic-trees_berg-ms_260_20_20-1, 3601.04, 0.008576, 13729.1, NA, NA, NA, NA, NA, NA, NA, NA
problems2021-planning-bnn-sysadmin_5_3, 3600.16, 0.000114, 848.1, NA, NA, NA, NA, NA, NA, NA, NA
problems2021-planning-bnn-sysadmin_5_4, 3600.10, 0.000132, 1045.1, NA, NA, NA, NA, NA, NA, NA, NA
problems2021-program_disambiguation-Ramos-Q34_OPTIONS_1, 3600.13, 0.000543, 824.5, NA, NA, NA, NA, NA, NA, NA, NA
problems2021-program_disambiguation-Ramos-Q43_YESNO_1, 7.08, 0.000098, 303.7, 7.16, 24589, 0.000424, 0.000203, 304.4, 25.61, 3069.7, 1
problems2021-program_disambiguation-Ramos-Q53_YESNO_3, 1.50, 0.000022, 46.6, 0.99, 24583, 0.000058, 0.000045, 46.9, 3.57, 454.6, 1
problems2021-protein_ins-1bpi_.5pti_.g.wcnf.t, 1807.91, 0.000882, 1832.6, 1839.81, 32768, 0.004324, 0.009469, 1832.2, 26.70, 2900.3, 1
problems2021-protein_ins-2knt_.5pti_.g.wcnf.t, 593.65, 0.000664, 1066.0, 592.16, 32761, 0.003141, 0.005547, 1065.4, 12.89, 1495.1, 1
problems2021-protein_ins-3ebx_.1era_.g.wcnf.t, 3600.33, 0.000626, 2873.0, NA, NA, NA, NA, NA, NA, NA, NA
problems2021-pseudoBoolean-garden-normalized-g2x2.opb.msat, 0.56, 0.000016, 0.2, 0.62, 7019, 0.000056, 0.000038, 0.0, 1.39, 12.3, 1
problems2021-pseudoBoolean-primes-dimacs-cnf-normalized-aim-200-3_4-yes1-1.opb.msat, 0.95, 0.019835, 7.3, 1.21, 32768, 0.132866, 0.042866, 10.9, 1.22, 12.3, 1
problems2021-pseudoBoolean-primes-dimacs-cnf-normalized-aim-200-6_0-yes1-2.opb.msat, 1.05, 0.018513, 0.0, 0.30, 24588, 0.127510, 0.041753, 13.2, 0.52, 12.3, 1
problems2021-pseudoBoolean-primes-dimacs-cnf-normalized-par8-1.opb.msat, 0.80, 0.040436, 22.1, 1.40, 32728, 0.377998, 0.118855, 22.1, 0.55, 18.5, 1
problems2021-pseudoBoolean-primes-dimacs-cnf-normalized-par8-2.opb.msat, 0.71, 0.041410, 22.1, 1.37, 24584, 0.376712, 0.123811, 22.8, 2.26, 12.3, 1
problems2021-pseudoBoolean-primes-dimacs-cnf-normalized-par8-3.opb.msat, 0.98, 0.037422, 20.3, 0.70, 32768, 0.377019, 0.117753, 18.0, 0.85, 18.5, 1
problems2021-railroad_reisch-unweighted-MultiDay_0, 117.71, , 32783.2, NA, NA, NA, NA, NA, NA, NA, NA
problems2021-railroad_reisch-unweighted-MultiDay_1, 97.34, , 32802.7, NA, NA, NA, NA, NA, NA, NA, NA
problems2021-railroad_reisch-unweighted-MultiDay_3, 103.32, , 32787.6, NA, NA, NA, NA, NA, NA, NA, NA
problems2021-railroad_reisch-unweighted-MultiDay_4, 156.87, , 32781.8, NA, NA, NA, NA, NA, NA, NA, NA
problems2021-railroad_reisch-unweighted-SingleDay_15, 120.72, , 32778.9, NA, NA, NA, NA, NA, NA, NA, NA
problems2021-railroad_reisch-unweighted-SingleDay_2, 3600.65, 15.530974, 7053.9, NA, NA, NA, NA, NA, NA, NA, NA
problems2021-railroad_reisch-unweighted-SingleDay_3, 3600.97, 28.215014, 12922.2, NA, NA, NA, NA, NA, NA, NA, NA
problems2021-railroad_reisch-unweighted-Subnetwork_7, 3600.63, 15.506862, 7307.7, NA, NA, NA, NA, NA, NA, NA, NA
problems2021-railroad_reisch-unweighted-Subnetwork_9, 3600.97, 22.030224, 9748.5, NA, NA, NA, NA, NA, NA, NA, NA
problems2021-railroad_reisch-weighted-MultiDay_0_weighted, 112.44, , 32778.3, NA, NA, NA, NA, NA, NA, NA, NA
problems2021-railroad_reisch-weighted-MultiDay_1_weighted, 123.11, , 32795.5, NA, NA, NA, NA, NA, NA, NA, NA
problems2021-railroad_reisch-weighted-SingleDay_2_weighted, 3600.53, 24.771531, 7053.6, NA, NA, NA, NA, NA, NA, NA, NA
problems2021-railway-transport-d4, 147.01, , 32781.2, NA, NA, NA, NA, NA, NA, NA, NA
problems2021-railway-transport-dp43, 3600.48, 10.431153, 5126.9, NA, NA, NA, NA, NA, NA, NA, NA
problems2021-railway-transport-pesp_18Min, 3600.74, 22.554793, 8682.2, NA, NA, NA, NA, NA, NA, NA, NA
problems2021-railway-transport-pesp_5min, 3600.15, 2.376196, 1325.6, NA, NA, NA, NA, NA, NA, NA, NA
problems2021-railway-transport-we, 3600.15, , 1537.5, NA, NA, NA, NA, NA, NA, NA, NA
problems2021-ramsey-ram_k3_n10.ra0, 3600.06, 0.013266, 81.4, NA, NA, NA, NA, NA, NA, NA, NA
problems2021-ramsey-ram_k3_n11.ra0, 3600.03, 0.029163, 45.5, NA, NA, NA, NA, NA, NA, NA, NA
problems2021-ramsey-ram_k3_n12.ra0, 3600.04, 0.058358, 80.1, NA, NA, NA, NA, NA, NA, NA, NA
problems2021-ramsey-ram_k3_n13.ra0, 3600.03, 0.114283, 134.7, NA, NA, NA, NA, NA, NA, NA, NA
problems2021-ramsey-ram_k3_n14.ra0, 3600.06, 0.211680, 252.4, NA, NA, NA, NA, NA, NA, NA, NA
problems2021-ramsey-ram_k3_n15.ra0, 3600.14, 0.353543, 373.9, NA, NA, NA, NA, NA, NA, NA, NA
problems2021-ramsey-ram_k3_n18.ra0, 3600.20, 1.746685, 1233.6, NA, NA, NA, NA, NA, NA, NA, NA
problems2021-ramsey-ram_k3_n19.ra0, 3600.14, 2.872561, 1454.7, NA, NA, NA, NA, NA, NA, NA, NA
problems2021-ramsey-ram_k4_n18.ra0, 3600.22, 4.904130, 2240.2, NA, NA, NA, NA, NA, NA, NA, NA
problems2021-ramsey-ram_k4_n19.ra0, 3600.31, 7.852946, 3652.9, NA, NA, NA, NA, NA, NA, NA, NA
problems2021-ramsey-ram_k4_n20.ra0, 3600.58, 12.938411, 5743.9, NA, NA, NA, NA, NA, NA, NA, NA
problems2021-RBAC_marco.mori-multiple-role_domino_multiple_0.0_7, 91.61, , 32769.9, NA, NA, NA, NA, NA, NA, NA, NA
problems2021-RBAC_marco.mori-multiple-role_university_multiple_0.0_0, 85.24, , 32784.5, NA, NA, NA, NA, NA, NA, NA, NA
problems2021-RBAC_marco.mori-multiple-role_university_multiple_0.0_2, 105.73, , 32770.8, NA, NA, NA, NA, NA, NA, NA, NA
problems2021-RBAC_marco.mori-violations-role_smallcomp_0.0_6, 0.17, 0.010493, 0.0, 0.38, 24591, 0.066304, 0.056334, 2.7, 0.56, 14.7, 1
problems2021-RBAC_marco.mori-violations-role_university_0.0_2, 90.56, , 32793.6, NA, NA, NA, NA, NA, NA, NA, NA
problems2021-RBAC_marco.mori-violations-role_university_0.0_4, 91.39, , 32794.7, NA, NA, NA, NA, NA, NA, NA, NA
problems2021-RBAC_marco.mori-violations-role_university_0.0_6, 90.32, , 32797.7, NA, NA, NA, NA, NA, NA, NA, NA
problems2021-reversi-rev44-10, 0.37, 0.000219, 4.0, 0.84, 24579, 0.001004, 0.000400, 4.0, 1.84, 21.3, 1
problems2021-reversi-rev44-12, 1.15, 0.000236, 4.5, 0.85, 24586, 0.001055, 0.000400, 4.8, 2.79, 22.8, 1
problems2021-reversi-rev66-16, 3600.05, 0.000863, 458.8, NA, NA, NA, NA, NA, NA, NA, NA
problems2021-reversi-rev66-18, 3600.06, 0.000857, 518.7, NA, NA, NA, NA, NA, NA, NA, NA
problems2021-reversi-rev66-20, 3600.15, 0.000876, 469.3, NA, NA, NA, NA, NA, NA, NA, NA
problems2021-reversi-rev66-22, 3600.14, 0.000869, 964.8, NA, NA, NA, NA, NA, NA, NA, NA
problems2021-reversi-rev66-24, 3600.14, 0.000895, 850.8, NA, NA, NA, NA, NA, NA, NA, NA
problems2021-reversi-rev66-28, 3600.21, 0.000903, 1638.7, NA, NA, NA, NA, NA, NA, NA, NA
problems2021-reversi-rev66-32, 3600.17, 0.000850, 1362.7, NA, NA, NA, NA, NA, NA, NA, NA
problems2021-scheduling-cnf_10_center, 3600.10, 0.269754, 612.5, NA, NA, NA, NA, NA, NA, NA, NA
problems2021-scheduling-cnf_10, 3600.11, 0.340922, 748.1, NA, NA, NA, NA, NA, NA, NA, NA
problems2021-scheduling-cnf_12_center, 3600.12, 0.306092, 550.0, NA, NA, NA, NA, NA, NA, NA, NA
problems2021-scheduling-cnf_12, 3600.12, 0.468858, 500.6, NA, NA, NA, NA, NA, NA, NA, NA
problems2021-scheduling-cnf_small, 3600.09, 0.008861, 167.0, NA, NA, NA, NA, NA, NA, NA, NA
problems2021-scheduling_xiaojuan-lam100-n100-p13-frag3-20-100-lambda100-48, 3600.10, 0.001485, 227.8, NA, NA, NA, NA, NA, NA, NA, NA
problems2021-scheduling_xiaojuan-lam100-n100-p13-frag3-20-100-lambda100-96, 3600.09, 0.001528, 199.6, NA, NA, NA, NA, NA, NA, NA, NA
problems2021-scheduling_xiaojuan-lam20-n100-p100-frag3-20-100-p100-49, 3600.15, 0.001927, 494.4, NA, NA, NA, NA, NA, NA, NA, NA
problems2021-scheduling_xiaojuan-lam20-n100-p100-frag3-20-100-p100-54, 3600.03, 0.001793, 374.2, NA, NA, NA, NA, NA, NA, NA, NA
problems2021-scheduling_xiaojuan-lam20-n100-p13-frag12-20-100-frag12-13, 3600.01, 0.001986, 467.8, NA, NA, NA, NA, NA, NA, NA, NA
problems2021-scheduling_xiaojuan-lam20-n100-p13-frag12-20-100-frag12-85, 3600.10, 0.001762, 423.9, NA, NA, NA, NA, NA, NA, NA, NA
problems2021-scheduling_xiaojuan-lam20-n100-p13-frag12-20-100-frag12-91, 3600.13, 0.001788, 407.5, NA, NA, NA, NA, NA, NA, NA, NA
problems2021-scheduling_xiaojuan-lam20-n100-p13-frag12-20-100-frag12-97, 3600.06, 0.001923, 443.3, NA, NA, NA, NA, NA, NA, NA, NA
problems2021-SeanSafarpour-b15-bug-fourvec-gate-0.dimacs.seq.filtered, 265.22, , 32780.8, NA, NA, NA, NA, NA, NA, NA, NA
problems2021-SeanSafarpour-c4_DD_s3_f1_e1_v1-bug-gate-0.dimacs.seq.filtered, 300.97, , 32782.6, NA, NA, NA, NA, NA, NA, NA, NA
problems2021-SeanSafarpour-c5_DD_s3_f1_e1_v1-bug-onevec-gate-0.dimacs.seq.filtered, 96.00, , 32794.7, NA, NA, NA, NA, NA, NA, NA, NA
problems2021-SeanSafarpour-divider-problem.dimacs_8.filtered, 144.22, , 32789.7, NA, NA, NA, NA, NA, NA, NA, NA
problems2021-SeanSafarpour-dividers10.dimacs.filtered, 120.42, , 32784.6, NA, NA, NA, NA, NA, NA, NA, NA
problems2021-SeanSafarpour-dividers5.dimacs.filtered, 90.61, , 32794.1, NA, NA, NA, NA, NA, NA, NA, NA
problems2021-SeanSafarpour-fpu7-problem.dimacs_22.filtered, 111.55, , 32793.1, NA, NA, NA, NA, NA, NA, NA, NA
problems2021-SeanSafarpour-rsdecoder_multivec1.dimacs.filtered, 156.38, , 32780.7, NA, NA, NA, NA, NA, NA, NA, NA
problems2021-SeanSafarpour-rsdecoder-problem.dimacs_39.filtered, 157.86, , 32788.0, NA, NA, NA, NA, NA, NA, NA, NA
problems2021-SeanSafarpour-s15850-bug-onevec-gate-0.dimacs.seq.filtered, 96.37, , 32792.3, NA, NA, NA, NA, NA, NA, NA, NA
problems2021-SeanSafarpour-SM_RX_TOP.dimacs.filtered, 116.80, , 32775.3, NA, NA, NA, NA, NA, NA, NA, NA
problems2021-security-witness_paxian-unweighted-RSN_Security_Min_Witness-Direct-FlexScan-D0, 115.23, , 32771.2, NA, NA, NA, NA, NA, NA, NA, NA
problems2021-security-witness_paxian-unweighted-RSN_Security_Min_Witness-Direct-FlexScan-D4, 178.10, , 32776.3, NA, NA, NA, NA, NA, NA, NA, NA
problems2021-security-witness_paxian-unweighted-RSN_Security_Min_Witness-Direct-FlexScan-D9, 131.99, , 32777.2, NA, NA, NA, NA, NA, NA, NA, NA
problems2021-security-witness_paxian-unweighted-RSN_Security_Min_Witness-Direct-FlexScan-DA, 119.81, , 32779.7, NA, NA, NA, NA, NA, NA, NA, NA
problems2021-security-witness_paxian-unweighted-RSN_Security_Min_Witness-Direct-FlexScan-DB, 128.74, , 32784.3, NA, NA, NA, NA, NA, NA, NA, NA
problems2021-security-witness_paxian-unweighted-RSN_Security_Min_Witness-Direct-FlexScan-DF, 114.55, , 32768.6, NA, NA, NA, NA, NA, NA, NA, NA
problems2021-security-witness_paxian-unweighted-RSN_Security_Min_Witness-Direct-MBIST_100cores_100controllers_5memories_na-D0, 1323.55, , 32774.2, NA, NA, NA, NA, NA, NA, NA, NA
problems2021-security-witness_paxian-unweighted-RSN_Security_Min_Witness-Direct-MBIST_100cores_100controllers_5memories_na-DD, 3600.35, , 2435.2, NA, NA, NA, NA, NA, NA, NA, NA
problems2021-security-witness_paxian-unweighted-RSN_Security_Min_Witness-Direct-MBIST_100cores_100controllers_5memories_na-DE, 3600.32, , 2432.7, NA, NA, NA, NA, NA, NA, NA, NA
problems2021-security-witness_paxian-unweighted-RSN_Security_Min_Witness-Direct-MBIST_100cores_100controllers_5memories_na-DF, 3600.34, , 2432.7, NA, NA, NA, NA, NA, NA, NA, NA
problems2021-security-witness_paxian-unweighted-RSN_Security_Min_Witness-Direct-MBIST_5cores_100controllers_100memories_na-D4, 408.08, , 32783.3, NA, NA, NA, NA, NA, NA, NA, NA
problems2021-security-witness_paxian-unweighted-RSN_Security_Min_Witness-Direct-MBIST_5cores_100controllers_100memories_na-D7, 550.67, , 32774.2, NA, NA, NA, NA, NA, NA, NA, NA
problems2021-set-covering-crafted-scpclr-scpclr10_maxsat, 3600.11, 0.058383, 288.4, NA, NA, NA, NA, NA, NA, NA, NA
problems2021-set-covering-crafted-scpclr-scpclr11_maxsat, 3600.25, 0.198013, 1497.7, NA, NA, NA, NA, NA, NA, NA, NA
problems2021-set-covering-crafted-scpclr-scpclr12_maxsat, 3600.16, 0.760746, 1452.6, NA, NA, NA, NA, NA, NA, NA, NA
problems2021-set-covering-crafted-scpclr-scpclr13_maxsat, 3600.23, 2.949398, 2691.4, NA, NA, NA, NA, NA, NA, NA, NA
problems2021-set-covering-crafted-scpcyc-scpcyc06_maxsat, 3600.08, 0.023327, 357.4, NA, NA, NA, NA, NA, NA, NA, NA
problems2021-set-covering-crafted-scpcyc-scpcyc07_maxsat, 3600.19, 0.136946, 959.4, NA, NA, NA, NA, NA, NA, NA, NA
problems2021-set-covering-crafted-scpcyc-scpcyc08_maxsat, 3600.27, 0.889478, 1686.1, NA, NA, NA, NA, NA, NA, NA, NA
problems2021-set-covering-crafted-scpcyc-scpcyc09_maxsat, 3600.33, 6.355955, 3021.4, NA, NA, NA, NA, NA, NA, NA, NA
problems2021-set-covering-crafted-scpcyc-scpcyc10_maxsat, 3601.43, 41.988704, 17307.3, NA, NA, NA, NA, NA, NA, NA, NA
problems2021-set-covering-crafted-scpcyc-scpcyc11_maxsat, 95.66, , 32793.3, NA, NA, NA, NA, NA, NA, NA, NA
problems2021-setcover-rail_zhendong-unweighted-setcover-sts-data.135, 3600.02, 0.002734, 111.0, NA, NA, NA, NA, NA, NA, NA, NA
problems2021-setcover-rail_zhendong-unweighted-setcover-sts-data.243, 3600.09, 0.007500, 180.9, NA, NA, NA, NA, NA, NA, NA, NA
problems2021-setcover-rail_zhendong-unweighted-setcover-sts-data.405, 3600.07, 0.019571, 300.9, NA, NA, NA, NA, NA, NA, NA, NA
problems2021-setcover-rail_zhendong-unweighted-setcover-sts-data.729, 3600.15, 0.058625, 841.3, NA, NA, NA, NA, NA, NA, NA, NA
problems2021-uaq_gazzarata-max-uaq-max-nc-nr10-np400-rpp5-nc40-n8-t3-plb10-n0, 0.44, 0.018787, 11.7, 0.69, 24611, 0.123970, 0.046441, 12.8, 1.01, 18.3, 1
problems2021-uaq_gazzarata-max-uaq-max-t-nr1000-np1000-rpp1-nc50-n12-t6-plb10-n6, 3600.13, 0.126227, 1377.5, NA, NA, NA, NA, NA, NA, NA, NA
problems2021-uaq_gazzarata-max-uaq-max-t-nr1000-np1000-rpp1-nc50-n12-t8-plb10-n0, 3600.15, 0.110963, 1334.7, NA, NA, NA, NA, NA, NA, NA, NA
problems2021-uaq_gazzarata-min-uaq-min-nr-nr50-np400-rpp5-nc0-rs0-t0-plb100-n9, 3485.22, 0.011624, 84.8, 3574.47, 24613, 0.072260, 0.037249, 85.2, 1.24, 18.5, 1
problems2021-uaq_gazzarata-min-uaq-min-plb-nr200-np400-rpp5-nc0-rs0-t0-plb45-n2, 3600.05, 0.014648, 192.9, NA, NA, NA, NA, NA, NA, NA, NA
problems2021-uaq-uaq-nr-nr100-nc33-n3-k2-rpp4-ppr2-plb50, 17.83, 0.001586, 7.5, 18.90, 8175, 0.008303, 0.010954, 7.5, 1.01, 0.0, 1
problems2021-uaq-uaq-nr-nr110-nc36-n3-k2-rpp4-ppr2-plb50, 4.17, 0.001575, 5.2, 3.59, 32768, 0.008309, 0.009303, 5.3, 1.03, 16.3, 1
problems2021-uaq-uaq-nr-nr160-nc53-n3-k2-rpp4-ppr2-plb50, 3600.06, 0.003590, 65.9, NA, NA, NA, NA, NA, NA, NA, NA
problems2021-uaq-uaq-nr-nr180-nc60-n3-k2-rpp4-ppr2-plb50, 3600.07, 0.004429, 76.9, NA, NA, NA, NA, NA, NA, NA, NA
problems2021-uaq-uaq-nr-nr190-nc63-n3-k2-rpp4-ppr2-plb50, 3600.07, 0.005115, 73.8, NA, NA, NA, NA, NA, NA, NA, NA
problems2021-uaq-uaq-nr-nr210-nc70-n3-k2-rpp4-ppr2-plb50, 3600.03, 0.005486, 88.6, NA, NA, NA, NA, NA, NA, NA, NA
problems2021-uaq-uaq-ppr-nr200-nc66-n5-k2-rpp4-ppr13-plb100, 3600.01, 0.003345, 93.0, NA, NA, NA, NA, NA, NA, NA, NA
problems2021-uaq-uaq-rpp-nr100-nc33-n3-k2-rpp9-ppr2-plb20, 56.86, 0.002563, 13.2, 57.83, 24584, 0.013798, 0.013206, 13.3, 1.37, 11.4, 1
problems2021-xai-mindset2-appendicitis, 3600.18, 0.497456, 855.1, NA, NA, NA, NA, NA, NA, NA, NA
problems2021-xai-mindset2-auto, 3600.60, 33.809638, 5694.8, NA, NA, NA, NA, NA, NA, NA, NA
problems2021-xai-mindset2-biomed, 3600.47, 2.999709, 4451.8, NA, NA, NA, NA, NA, NA, NA, NA
problems2021-xai-mindset2-dermatology, 3600.25, 1.708867, 1814.1, NA, NA, NA, NA, NA, NA, NA, NA
problems2021-xai-mindset2-haberman, 3600.20, 0.658502, 1338.8, NA, NA, NA, NA, NA, NA, NA, NA
problems2021-xai-mindset2-heart-c, 3600.34, 1.930076, 4311.1, NA, NA, NA, NA, NA, NA, NA, NA
problems2021-xai-mindset2-irish, 0.96, 0.022519, 3.0, 1.32, 32762, 0.161966, 0.052242, 17.9, 2.94, 62.0, 1
problems2021-xai-mindset2-schizo, 3600.44, 20.538001, 4890.4, NA, NA, NA, NA, NA, NA, NA, NA
problems2021-ConsistentQueryAnswering-real-5, 234.93, 25.407746, 3323.1, 1870.42, 107369988096, 1225.698128, 418.346514, 3369.8, 3605.49, 40960.3, 0
problems2021-ConsistentQueryAnswering-synthetic-2, 3.59, 2.534510, 21.9, 281.19, 31969572415, 226.727100, 53.543837, 37.2, 1370.40, 40960.0, 0
problems2021-ConsistentQueryAnswering-synthetic-3, 1.46, 0.380709, 11.7, 39.90, 4453472598, 31.716911, 7.507693, 18.0, 1377.71, 40961.5, 0
problems2021-ConsistentQueryAnswering-synthetic-7, 1.17, 0.225111, 7.9, 24.21, 2644582033, 19.143478, 4.688961, 11.9, 1249.68, 40963.3, 0
problems2021-HaplotypeAssembly-splitedReads_160.matrix, 1072.40, 20.252549, 8502.6, 1363.41, 34991069706, 266.896113, 54.725802, 8518.1, 9124.33, 40963.3, 0
problems2021-large-graph-commmunity-detection_jabbour-POLITICSBOOK, 0.99, 0.001783, 0.2, 0.18, 2715944, 0.019943, 0.007266, 0.1, 135.87, 80.0, 1
problems2021-large-graph-commmunity-detection_jabbour-RISKMAP, 0.77, 0.000447, 0.1, 0.88, 443563, 0.003610, 0.002964, 0.0, 2.04, 23.8, 1
problems2021-maxclique-structured-c-fat200-1.clq, 0.71, 0.005497, 6.0, 0.93, 9173962, 0.076330, 0.019870, 4.7, 447.65, 335.8, 1
problems2021-maxclique-structured-johnson8-2-4.clq, 0.27, 0.000187, 0.2, 0.34, 218889, 0.001617, 0.001909, 0.0, 3.29, 19.0, 1
problems2021-MaximumCommonSub-GraphExtraction-solved-g2_n37e35_n39e39, 351.41, 0.000251, 57.4, 363.65, 882951234, 0.002575, 0.001485, 57.8, 15964.68, 2534.0, 1
problems2021-MaximumCommonSub-GraphExtraction-solved-g4_n47e57_n48e52_n133e169_n141e184, 16.91, 0.000589, 40.3, 17.23, 28297507, 0.007021, 0.002022, 40.3, 2485.05, 409.4, 1
problems2021-MaximumCommonSub-GraphExtraction-solved-g7_n22e21_n24e23_n45e41_n49e44_n53e61_n54e48_n56e64, 400.63, 0.000117, 133.3, 400.48, 154756825, 0.000997, 0.000429, 133.5, 1011.48, 731.7, 1
problems2021-maxone-structured-3col100_5_10.shuffled.cnf, 0.74, 0.005331, 4.7, 0.95, 9401569, 0.073571, 0.018195, 4.2, 466.72, 326.3, 1
problems2021-maxone-structured-3col100_5_9.shuffled.cnf, 0.74, 0.005192, 0.2, 0.98, 9638342, 0.072217, 0.018416, 3.2, 111.69, 325.4, 1
problems2021-maxone-structured-3col120_5_1.shuffled.cnf, 1.12, 0.007591, 6.0, 0.80, 16765502, 0.102397, 0.029326, 6.5, 265.14, 542.0, 1
problems2021-maxone-structured-3col80_5_1.shuffled.cnf, 0.90, 0.003538, 0.0, 0.28, 5868745, 0.049240, 0.013237, 3.5, 63.42, 195.0, 1
problems2021-maxone-structured-ezfact32_2.shuffled.cnf, 0.86, 0.065021, 36.4, 2.33, 134501702, 1.034550, 0.250405, 36.8, 3643.62, 12275.7, 1
problems2021-MaxSATQueriesinInterpretableClassifiers-wcnf_gz-adult_test_7_DNF_1_1, 2.56, 0.454854, 160.8, 25.99, 2717769836, 19.726010, 4.546191, 164.0, 1704.32, 40961.5, 0
problems2021-MaxSATQueriesinInterpretableClassifiers-wcnf_gz-adult_test_9_CNF_1_1, 1.57, 0.448713, 144.9, 24.98, 2721083605, 19.598363, 4.631019, 158.0, 1152.02, 40960.8, 0
problems2021-MaxSATQueriesinInterpretableClassifiers-wcnf_gz-parkinsons_test_6_CNF_5_1, 1.03, 0.009792, 2.1, 0.49, 16849989, 0.135780, 0.034176, 5.3, 25.04, 707.5, 1
problems2021-MaxSATQueriesinInterpretableClassifiers-wcnf_gz-titanic_test_5_CNF_1_1, 1.13, 0.002868, 1.4, 0.42, 5569684, 0.046594, 0.013030, 1.9, 7.40, 170.8, 1
problems2021-MaxSATQueriesinInterpretableClassifiers-wcnf_gz-titanic_train_5_DNF_2_1, 188.74, 0.177968, 107.0, 192.45, 401318143, 2.694682, 0.621075, 108.4, 1658.29, 40963.5, 0
problems2021-mbd-b20_C-mbd14-0238, 175.99, 1.606451, 862.1, 220.26, 3349619441, 24.723174, 5.452997, 866.6, 2855.69, 40962.1, 0
problems2021-mbd-b20_C-mbd14-0359, 846.95, 1.554040, 861.8, 943.24, 3602907136, 23.946134, 5.275847, 866.5, 2807.29, 40963.2, 0
problems2021-mbd-b21_C-mbd14-0347, 55.62, 1.587902, 843.4, 86.28, 3179899365, 24.486683, 5.490853, 847.6, 2847.24, 40962.2, 0
problems2021-min-fill-MinFill_R5_jean, 3.00, 0.001442, 5.8, 2.90, 14473471, 0.014248, 0.004770, 5.9, 4068.29, 125.9, 1
problems2021-packup-4ede8d96-c17a-11df-a7c5-00163e3d3b7c_l3, 43.47, 3.078754, 1523.4, 103.76, 6789911769, 51.342798, 11.114900, 1531.5, 3350.27, 40961.1, 0
problems2021-planning-bnn-navigation_4x4_5, 86.47, 0.000193, 362.0, 86.08, 25493816, 0.001004, 0.000401, 361.0, 180.98, 5246.6, 1
problems2021-planning-bnn-navigation_4x4_7, 218.20, 0.000368, 533.7, 219.16, 109517990, 0.001882, 0.000668, 532.7, 644.61, 7722.3, 1
problems2021-planning-bnn-sysadmin_4_2, 25.86, 0.000050, 210.8, 26.40, 22611118, 0.000200, 0.000124, 210.5, 68.18, 2596.4, 1
problems2021-planning-bnn-sysadmin_4_3, 640.87, 0.000078, 375.7, 646.77, 196294333, 0.000387, 0.000195, 375.8, 1394.72, 4172.7, 1
problems2021-planning-bnn-sysadmin_5_2, 585.43, 0.000095, 478.0, 490.66, 220322193, 0.000318, 0.000151, 478.3, 926.24, 5901.0, 1
problems2021-program_disambiguation-Ramos-Q29_OPTIONS_1, 4.78, 0.000012, 123.3, 4.87, 7051210, 0.000031, 0.000037, 123.1, 19.03, 1552.6, 1
problems2021-program_disambiguation-Ramos-Q2_OPTIONS_1, 9.62, 0.000079, 79.4, 8.95, 10363186, 0.000596, 0.000249, 79.2, 27.09, 986.9, 1
problems2021-program_disambiguation-Ramos-Q34_YESNO_3, 1.56, 0.000013, 41.6, 1.65, 2708468, 0.000047, 0.000053, 41.7, 5.45, 504.7, 1
problems2021-program_disambiguation-Ramos-Q38_YESNO_1, 73.07, 0.000090, 453.6, 74.83, 49710409, 0.000937, 0.000400, 456.5, 140.91, 5616.6, 1
problems2021-program_disambiguation-Ramos-Q38_YESNO_4, 1.26, 0.000015, 35.3, 0.90, 837018, 0.000056, 0.000049, 35.3, 4.10, 361.4, 1
problems2021-program_disambiguation-Ramos-Q46_YESNO_3, 2.87, 0.000021, 53.6, 2.62, 2237680, 0.000145, 0.551650, 53.6, 13.45, 641.3, 1
problems2021-program_disambiguation-Ramos-Q46_YESNO_4, 1.35, 0.000012, 33.5, 1.90, 993118, 0.000052, 0.000056, 33.5, 8.74, 362.7, 1
problems2021-program_disambiguation-Ramos-Q6_YESNO_3, 9.47, 0.000030, 143.6, 9.55, 8284303, 0.000187, 0.000119, 143.7, 21.90, 1818.8, 1
problems2021-program_disambiguation-Ramos-Q7_YESNO_3, 23.00, 0.000012, 67.2, 24.64, 111099255, 0.000048, 0.000044, 67.2, 904.30, 482.7, 1
problems2021-protein_ins-1knt_.2knt_.g.wcnf.t, 9.61, 0.000532, 118.4, 10.09, 66403462, 0.005787, 0.002464, 118.5, 206.73, 1123.2, 1
problems2021-protein_ins-1vii_.1cph_.g.wcnf.t, 0.28, 0.000052, 0.0, 0.53, 211714, 0.001041, 0.000350, 0.1, 0.86, 26.2, 1
problems2021-protein_ins-3ebx_.6ebx_.g.wcnf.t, 254.86, 0.000422, 501.0, 262.19, 683188547, 0.005102, 0.001709, 499.4, 1644.60, 1756.0, 1
problems2021-pseudoBoolean-garden-normalized-g9x3.opb.msat, 1.27, 0.000174, 0.0, 0.63, 207366, 0.001536, 0.002781, 0.1, 4.56, 16.7, 1
problems2021-pseudoBoolean-garden-normalized-g9x9.opb.msat, 1.24, 0.001144, 2.7, 0.49, 2592471, 0.011925, 0.004392, 2.8, 400.94, 54.4, 1
problems2021-pseudoBoolean-primes-dimacs-cnf-normalized-hanoi4.opb.msat, 1.96, 0.199350, 107.1, 6.37, 474277219, 3.607608, 0.832836, 108.8, 1277.01, 40961.3, 0
problems2021-ramsey-ram_k3_n9.ra0, 0.79, 0.005951, 5.2, 1.15, 11238640, 0.076538, 0.019960, 5.4, 349.09, 365.8, 1
problems2021-RBAC_marco.mori-violations-role_smallcomp_0.0_5, 0.38, 0.009928, 0.2, 1.32, 18250332, 0.142943, 0.036022, 8.2, 107.49, 800.1, 1
problems2021-reversi-rev44-2, 1.71, 0.000212, 1.4, 1.20, 275748, 0.002054, 0.001964, 0.1, 4.02, 18.8, 1
problems2021-planning-bnn-cellda_x_10, 395.86, 0.000584, 4896.9, 408.69, 214440409, 0.003538, 0.001343, 4897.0, 259.78, 40961.3, 0
problems2021-planning-bnn-cellda_y_10, 199.77, 0.000628, 4834.5, 201.83, 191560840, 0.003644, 0.001190, 4834.6, 254.64, 40965.4, 0
problems2021-planning-bnn-cellda_y_9, 82.24, 0.000601, 4326.0, 80.62, 165920019, 0.002992, 0.001006, 4326.2, 288.77, 40962.7, 0
problems2021-packup-rand208_l2, 215.56, 12.116600, 4017.3, 323.02, 9638510592, 97.664615, 26.938979, 4027.5, 5880.04, 40962.4, 0
problems2021-packup-rand242_l2, 204.21, 8.730276, 4179.9, 320.04, 10674503680, 97.997506, 27.281883, 4189.6, 5743.25, 40961.4, 0
problems2021-packup-rand411_l2, 209.68, 9.401070, 3897.0, 326.69, 10624172032, 98.791403, 26.241853, 3907.4, 5384.69, 40960.9, 0
problems2021-packup-rand414_l2, 63.73, 2.918771, 1364.0, 120.73, 6264036551, 49.591173, 10.585328, 1370.6, 3166.66, 40962.8, 0
problems2021-packup-rand425_l2, 180.44, 8.711284, 3833.9, 310.79, 14227079168, 115.934931, 26.571273, 3844.9, 5336.70, 40961.1, 0
problems2021-packup-rand446_l2, 205.71, 8.913498, 4080.2, 323.20, 11068768256, 101.060009, 26.461031, 4090.7, 5768.86, 40963.3, 0
problems2021-packup-rand736_l2, 60.30, 2.993609, 1378.9, 118.30, 6381472951, 49.929539, 10.858165, 1385.4, 3186.56, 40961.3, 0
problems2021-packup-rand794_l2, 229.97, 10.320290, 4466.3, 346.77, 8292139008, 92.658201, 29.609591, 4477.6, 7162.34, 40965.3, 0
problems2021-packup-rand813_l2, 68.02, 6.394228, 1408.6, 124.69, 6417741260, 52.251816, 10.874986, 1415.1, 3334.68, 40961.9, 0
problems2021-packup-rand937_l2, 194.37, 8.568894, 3999.4, 315.58, 12301893632, 104.908493, 26.451182, 4010.1, 5464.82, 40962.6, 0
problems2021-packup-rand96_l2, 201.25, 8.942478, 4037.7, 322.95, 11425284096, 104.744370, 26.342274, 4048.5, 5549.96, 40963.8, 0
problems2021-protein_ins-1bpi_.2knt_.g.wcnf.t, 3600.20, 0.000728, 2270.6, NA, NA, NA, NA, NA, NA, NA, NA
problems2021-treewidth-computation-TWComp_1c75_N69, 3600.12, 0.001116, 769.9, NA, NA, NA, NA, NA, NA, NA, NA
problems2021-treewidth-computation-TWComp_alarm_N37, 1.04, 0.000285, 9.4, 0.43, 992667, 0.002719, 0.000967, 5.5, 5.89, 131.8, 1
problems2021-treewidth-computation-TWComp_barle_N48, 3.96, 0.000471, 27.8, 4.29, 12169742, 0.004411, 0.001475, 27.9, 289.37, 286.9, 1
problems2021-treewidth-computation-TWComp_barley2_N48, 2.25, 0.000463, 25.5, 1.70, 6659793, 0.004397, 0.001460, 25.8, 155.80, 272.0, 1
problems2021-treewidth-computation-TWComp_david_N87, 22.21, 0.001366, 127.8, 23.67, 56714051, 0.015570, 0.004264, 127.9, 3157.68, 1425.8, 1
problems2021-treewidth-computation-TWComp_jean_N77, 2.47, 0.001108, 82.1, 2.81, 8669566, 0.011487, 0.003467, 82.2, 29.65, 969.7, 1
problems2021-treewidth-computation-TWComp_mainuk_N48, 1.17, 0.000437, 23.4, 0.56, 2243029, 0.004492, 0.001503, 23.5, 11.22, 257.9, 1
problems2021-treewidth-computation-TWComp_mildew_35, 1.04, 0.000235, 11.0, 0.54, 1302405, 0.002352, 0.001324, 10.8, 8.04, 121.3, 1
problems2021-treewidth-computation-TWComp_myciel5_N47, 3600.11, 0.000409, 392.4, NA, NA, NA, NA, NA, NA, NA, NA
problems2021-treewidth-computation-TWComp_oesoca_N39, 1.17, 0.000278, 1.4, 0.67, 1654683, 0.002938, 0.001044, 7.6, 7.60, 150.8, 1
problems2021-treewidth-computation-TWComp_queen5_5_N25, 3600.05, 0.000133, 182.6, NA, NA, NA, NA, NA, NA, NA, NA
problems2021-treewidth-computation-TWComp_water_N32, 1.68, 0.000211, 10.7, 1.61, 3735326, 0.002733, 0.000747, 11.2, 24.34, 102.3, 1
problems2021-uaq_gazzarata-min-uaq-min-nr-nr50-np400-rpp5-nc0-rs0-t0-plb2-n6, 1.43, 0.020443, 9.2, 0.92, 35173250, 0.280041, 0.075582, 11.4, 181.97, 1938.7, 1
problems2021-uaq_gazzarata-min-uaq-min-plb-nr10-np400-rpp5-nc0-rs0-t0-plb20-n2, 1.29, 0.018028, 4.2, 0.89, 32170237, 0.260594, 0.067170, 10.2, 1789.49, 1720.0, 1
problems2021-uaq_gazzarata-min-uaq-min-rpp-nr200-np400-rpp5-nc0-rs0-t0-plb4-n3, 2.08, 0.018673, 11.8, 0.63, 34924892, 0.274768, 0.071135, 13.0, 3666.10, 1918.3, 1
problems2021-uaq_gazzarata-min-uaq-min-rpp-nr200-np400-rpp6-nc0-rs0-t0-plb1-n4, 1.27, 0.018478, 12.8, 0.94, 35365014, 0.279783, 0.073725, 12.0, 235.92, 1951.9, 1
problems2021-uaq-uaq-nr-nr400-nc133-n3-k2-rpp4-ppr2-plb50, 1.84, 0.011333, 8.6, 1.79, 23636277, 0.167823, 0.042946, 8.9, 36000.14, 968.8, 0
problems2021-uaq-uaq-nr-nr410-nc136-n3-k2-rpp4-ppr2-plb50, 3.01, 0.012076, 9.1, 2.42, 27047541, 0.179418, 0.044098, 9.5, 36000.13, 1076.0, 0
problems2021-atcoss-mesat-atcoss_mesat_01, 211.11, 0.013215, 103.5, 219.97, 207179269, 0.168012, 0.042489, 103.5, 36000.39, 2259.6, 0
problems2021-atcoss-sugar-atcoss_sugar_01, 119.16, 0.011613, 77.6, 115.26, 197218132, 0.159121, 0.115167, 77.7, 36000.20, 1753.2, 0
problems2021-exploits-synthesis_changjian_zhang-flush_reload_min, 198.18, 0.137652, 877.3, 201.74, 323591838, 1.981233, 0.452339, 880.1, 15730.92, 39110.9, 1
problems2021-frb-frb20-11-1.partial, 1.64, 0.006495, 6.0, 1.21, 12245177, 0.088629, 0.023195, 6.2, 14889.09, 427.4, 1
problems2021-frb-frb20-11-3.partial, 1.02, 0.006553, 6.0, 0.55, 12971113, 0.088377, 0.022388, 6.5, 28157.14, 423.8, 1
problems2021-frb-frb20-11-4.partial, 0.85, 0.006479, 5.8, 1.30, 12109379, 0.086241, 0.023029, 6.2, 15131.66, 416.1, 1
problems2021-frb-frb25-13-2.partial, 2.65, 0.013279, 11.9, 2.59, 30395143, 0.186231, 0.045872, 12.2, 36000.03, 1238.9, 0
problems2021-frb-frb25-13-3.partial, 2.09, 0.013289, 10.9, 2.12, 32403507, 0.186433, 0.046940, 11.5, 36000.19, 1154.5, 0
problems2021-frb-frb25-13-4.partial, 1.62, 0.013518, 10.4, 1.85, 26828381, 0.185189, 0.048786, 10.5, 36000.10, 1175.7, 0
problems2021-frb-frb25-13-5.partial, 3.45, 0.013197, 13.5, 3.25, 34635499, 0.188154, 0.046769, 13.9, 36000.15, 1161.4, 0
problems2021-frb-frb30-15-1.partial, 20.96, 0.024102, 27.4, 22.71, 106552174, 0.349634, 0.088805, 27.8, 36000.31, 2763.3, 0
problems2021-frb-frb35-17-4.partial, 978.08, 0.041360, 133.4, 954.26, 1545646648, 0.617562, 0.154329, 134.1, 36000.61, 5932.1, 0
problems2021-gen-hyper-tw-GenHyperTW_grid5, 690.40, 0.000303, 92.4, 821.73, 2045072016, 0.003209, 0.001119, 92.3, 25962.15, 5115.5, 1
problems2021-HaplotypeAssembly-splitedReads_137.matrix, 499.38, 7.578758, 3533.4, 619.11, 14104205657, 107.551627, 22.527072, 3543.3, 8439.86, 40960.5, 0
problems2021-HaplotypeAssembly-splitedReads_158.matrix, 920.79, 16.197447, 6483.3, 1139.18, 26851934208, 206.235062, 43.668761, 6498.2, 10937.57, 40960.5, 0
problems2021-HaplotypeAssembly-splitedReads_18.matrix, 726.16, 9.858716, 4430.2, 884.02, 18144457184, 135.884783, 28.675252, 4442.2, 6948.57, 40960.8, 0
problems2021-HaplotypeAssembly-splitedReads_414.matrix, 817.27, 10.969428, 5272.5, 1083.48, 20849885184, 158.517350, 33.429643, 5283.5, 8544.79, 40963.2, 0
problems2021-protein_ins-1knt_.1bpi_.g.wcnf.t, 3252.98, 0.000714, 2754.8, 3246.27, 4378919002, 0.008673, 0.002474, 2755.6, 20389.40, 6504.2, 1
problems2021-kbtree-kbtree9_7_3_5_20_4.wcsp, 3.01, 0.046653, 28.9, 3.75, 96324290, 0.714726, 0.169992, 29.6, 36000.72, 7138.5, 0
problems2021-kbtree-kbtree9_7_3_5_20_6.wcsp, 1.47, 0.055232, 28.7, 1.70, 90794996, 0.715289, 0.169252, 29.4, 36001.15, 7112.6, 0
problems2021-mbd-b17_C-mbd14-0348, 1665.82, 7.597145, 3481.0, 1452.56, 2873098240, 56.906960, 22.394155, 3489.3, 8143.66, 40960.9, 0
problems2021-planning-bnn-navigation_3x3_4, 3.45, 0.000117, 34.7, 2.84, 2562912, 0.000643, 0.000292, 36.7, 10.91, 548.5, 1
problems2021-planning-bnn-navigation_3x3_5, 2.41, 0.000172, 42.4, 2.88, 4092345, 0.000955, 0.000412, 42.3, 10.78, 692.1, 1
problems2021-planning-bnn-navigation_3x3_6, 4.60, 0.000201, 50.7, 4.72, 5822602, 0.001301, 0.000512, 50.8, 15.02, 814.5, 1
problems2021-planning-bnn-sysadmin_4_4, 2872.09, 0.000116, 654.8, 2642.19, 8185, 0.000337, 0.000174, 655.0, 30.80, 4143.7, 1
problems2021-pseudoBoolean-primes-dimacs-cnf-normalized-par16-1.opb.msat, 9.07, 0.398795, 192.6, 16.90, 956396243, 7.267346, 1.647873, 194.7, 1544.31, 40960.3, 0
problems2021-pseudoBoolean-primes-dimacs-cnf-normalized-par16-2.opb.msat, 12.62, 0.381223, 195.9, 20.59, 956924323, 7.239067, 1.667541, 198.8, 1530.08, 40962.3, 0
problems2021-pseudoBoolean-primes-dimacs-cnf-normalized-par16-4.opb.msat, 6.87, 0.373214, 194.6, 15.87, 956090960, 7.209758, 1.641092, 197.0, 1521.37, 40963.5, 0
problems2021-RBAC_marco.mori-violations-role_domino_0.0_10, 154.55, 77.260502, 29390.0, 759.88, 21751660544, 494.410135, 190.209082, 29421.3, 2968.89, 40960.6, 0
problems2021-RBAC_marco.mori-violations-role_domino_0.0_11, 153.56, 79.601079, 29378.7, 763.17, 21848129536, 498.229186, 190.097819, 29408.2, 2926.02, 40960.7, 0
problems2021-RBAC_marco.mori-violations-role_domino_0.0_12, 151.12, 78.931966, 29384.0, 756.19, 21751660544, 490.184133, 193.899659, 29414.4, 2904.65, 40960.1, 0
problems2021-RBAC_marco.mori-violations-role_domino_0.0_6, 141.29, 71.368214, 29376.9, 751.52, 23064477696, 488.824737, 192.255129, 29410.6, 2821.81, 40961.5, 0
problems2021-reversi-rev44-6, 0.29, 0.000188, 0.0, 0.36, 511322, 0.002091, 0.001185, 0.0, 3.32, 28.4, 1
problems2021-reversi-rev66-2, 0.24, 0.000638, 0.0, 0.34, 1319855, 0.009236, 0.003322, 0.0, 3.66, 50.6, 1
problems2021-SeanSafarpour-c7552-bug-gate-0.dimacs.seq.filtered, 273.72, 6.267229, 3021.4, 354.54, 10699669504, 85.614486, 19.280260, 3030.8, 7035.41, 40961.7, 0
problems2021-xai-mindset2-mux6, 0.27, 0.001466, 0.0, 0.34, 2194046, 0.016335, 0.004810, 0.0, 4.68, 69.5, 1
problems2021-xai-mindset2-promoters, 1.22, 0.180486, 110.6, 4.83, 411851046, 3.106935, 0.712990, 111.1, 1226.91, 40962.0, 0
problems2021-xai-mindset2-titanic, 0.30, 0.000451, 0.0, 0.33, 592563, 0.004406, 0.001879, 0.0, 2.86, 27.0, 1
problems2021-xai-mindset2-uci_mammo_data, 1104.52, 0.025112, 112.6, 1125.71, 1806693662, 0.387178, 0.094316, 113.5, 36000.39, 3201.8, 0
problems2021-frb-frb30-15-2.partial, 13.19, 0.024132, 24.6, 14.32, 93932504, 0.350408, 0.092627, 25.0, 36000.34, 2760.4, 0
problems2021-frb-frb30-15-5.partial, 6.63, 0.023699, 20.4, 7.67, 68238473, 0.353901, 0.091812, 20.6, 36000.37, 2761.1, 0
problems2021-frb-frb35-17-5.partial, 140.64, 0.040282, 55.7, 154.36, 549208342, 0.620558, 0.151291, 56.2, 36000.66, 5945.9, 0
problems2021-kbtree-kbtree9_7_3_5_30_4.wcsp, 25.79, 0.060993, 39.6, 27.90, 172316659, 0.963303, 0.228267, 40.5, 36000.74, 11643.6, 0
problems2021-kbtree-kbtree9_7_3_5_30_5.wcsp, 23.15, 0.061033, 40.3, 24.65, 166148696, 0.972020, 0.229833, 40.8, 36000.81, 11816.2, 0
problems2021-logic-synthesis-normalized-9sym.b.opb.msat, 0.46, 0.012102, 8.8, 0.90, 22610691, 0.169577, 0.041564, 8.9, 36000.04, 1009.4, 0
problems2021-logic-synthesis-normalized-count.b.opb.msat, 13.30, 0.025179, 21.6, 14.60, 108144398, 0.373842, 0.094613, 21.9, 36000.28, 3009.4, 0
problems2021-maxclique-structured-c-fat500-5.clq, 0.76, 0.028407, 25.4, 1.76, 56769577, 0.444468, 0.111214, 26.0, 32072.52, 3752.9, 1
problems2021-railway-transport-p15, 23.56, 0.135806, 113.4, 27.32, 330558606, 2.152859, 0.505548, 114.8, 36002.94, 34892.7, 0
problems2021-scheduling_xiaojuan-lam20-n500-p13-frag3-20-500-43, 61.79, 0.027859, 50.7, 64.23, 204698942, 0.429794, 0.107086, 51.2, 36000.22, 3958.2, 0
problems2021-scheduling_xiaojuan-lam20-n500-p13-frag3-20-500-64, 27.62, 0.029278, 42.8, 28.47, 108857121, 0.443018, 0.113080, 43.3, 36000.27, 3958.7, 0
problems2021-scheduling_xiaojuan-lam20-n500-p13-frag3-20-500-81, 47.71, 0.029075, 48.3, 47.14, 162338005, 0.441665, 0.108802, 48.7, 36000.42, 3928.9, 0
problems2021-scheduling_xiaojuan-lam20-n500-p13-frag3-20-500-83, 10.28, 0.029135, 34.4, 10.93, 87048016, 0.483374, 0.109668, 34.9, 36000.37, 3926.4, 0
problems2021-uaq_gazzarata-min-uaq-min-nc-nr200-np400-rpp5-nc40-rs8-t3-plb10-n0, 6.42, 0.018376, 16.1, 7.28, 43133092, 0.267049, 0.070092, 16.8, 36000.07, 1916.5, 0
problems2021-uaq_gazzarata-min-uaq-min-nc-nr200-np400-rpp5-nc80-rs8-t3-plb10-n8, 11.89, 0.018005, 16.4, 12.93, 49720679, 0.264909, 0.069084, 16.7, 36000.21, 1851.7, 0
problems2021-uaq_gazzarata-min-uaq-min-rpp-nr200-np400-rpp5-nc0-rs0-t0-plb10-n3, 4.87, 0.017915, 13.1, 5.39, 40259659, 0.267006, 0.070284, 13.5, 36000.17, 1860.5, 0
problems2021-uaq-uaq-rpp-nr100-nc33-n3-k2-rpp16-ppr2-plb20, 39.60, 0.002461, 15.6, 41.16, 137034789, 0.029568, 0.009071, 16.1, 36000.12, 274.6, 0
problems2021-uaq-uaq-rpp-nr100-nc33-n3-k2-rpp19-ppr2-plb20, 31.99, 0.002499, 14.5, 33.04, 124081158, 0.029755, 0.010117, 14.7, 36000.10, 265.5, 0
